nose,509,779,1 (1).jpeg,1066,1600
nose,258,432,1 (1).jpg,500,750
nose,222,283,1 (1).png,429,527
nose,580,487,1 (10).jpg,1066,1332
nose,441,577,1 (10).png,1067,1600
nose,129,206,1 (100).jpg,236,354
nose,243,374,1 (103).jpg,500,750
nose,287,257,1 (15).png,537,700
nose,503,674,1 (2).jpeg,960,1280
nose,314,415,1 (2).jpg,736,981
nose,410,485,1 (2).png,736,981
nose,331,462,1 (20).jpeg,724,966
nose,401,498,1 (20).jpg,750,898
nose,119,448,1 (22).jpg,533,800
nose,1424,2797,1 (23).jpeg,3539,5309
nose,197,401,1 (23).jpg,540,807
nose,238,379,1 (24).jpeg,600,900
nose,322,626,1 (24).jpg,655,960
nose,1712,1561,1 (25).jpeg,3360,3360
nose,334,426,1 (25).jpg,683,1024
nose,1485,1385,1 (26).jpeg,2930,1648
nose,379,577,1 (26).jpg,640,960
nose,321,549,1 (26).png,640,1136
nose,254,508,1 (27).jpg,550,782
nose,196,247,1 (27).png,350,500
nose,452,513,1 (28).jpg,909,1069
nose,2682,2216,1 (29).jpeg,5760,5075
nose,419,520,1 (2939).jpg,683,1024
nose,2520,2060,1 (2940).jpg,5616,3744
nose,1309,1285,1 (2941).jpg,2400,3600
nose,661,512,1 (2942).jpg,1200,859
nose,646,505,1 (2943).jpg,1280,720
nose,2065,1492,1 (2944).jpg,4368,2912
nose,1686,2525,1 (2945).jpg,3409,4362
nose,501,634,1 (2946).jpg,1000,1500
nose,166,361,1 (2947).jpg,736,959
nose,680,626,1 (2948).jpg,1600,1156
nose,412,408,1 (2949).jpg,800,1066
nose,312,306,1 (2950).jpg,650,761
nose,188,312,1 (2951).jpg,500,750
nose,354,618,1 (2952).jpg,736,969
nose,479,507,1 (2953).jpg,769,900
nose,181,277,1 (2955).jpg,467,700
nose,695,1889,1 (2956).jpg,1590,2823
nose,635,837,1 (2957).jpg,1200,1600
nose,691,765,1 (2958).jpg,1246,1920
nose,264,255,1 (2960).jpg,852,480
nose,289,308,1 (2962).jpg,554,830
nose,264,287,1 (2963).jpg,540,733
nose,372,440,1 (2964).jpg,736,948
nose,342,573,1 (2965).jpg,736,1103
nose,446,446,1 (2966).jpg,1142,1300
nose,2546,1855,1 (2967).jpg,5472,3648
nose,264,238,1 (2968).jpg,500,667
nose,329,541,1 (2969).jpg,736,1096
nose,274,282,1 (2970).jpg,500,634
nose,502,229,1 (2971).jpg,1300,1390
nose,707,366,1 (2971).jpg,1300,1390
nose,168,275,1 (2972).jpg,596,900
nose,236,263,1 (2973).jpg,550,733
nose,296,400,1 (2974).jpg,736,1104
nose,211,262,1 (2975).jpg,370,370
nose,1698,2005,1 (2977).jpg,3780,5670
nose,1311,2201,1 (2978).jpg,2700,4057
nose,295,317,1 (2979).jpg,573,720
nose,869,476,1 (2980).jpg,1280,850
nose,266,374,1 (2981).jpg,500,750
nose,801,1224,1 (2982).jpg,1590,2385
nose,421,545,1 (2983).jpg,957,1300
nose,527,858,1 (2984).jpg,1080,1349
nose,344,429,1 (2986).jpg,720,874
nose,373,233,1 (2988).jpg,500,650
nose,531,776,1 (2989).jpg,1060,1370
nose,139,132,1 (2990).JPG,271,400
nose,190,189,1 (2991).jpg,350,436
nose,958,790,1 (2993).jpg,2048,1366
nose,389,650,1 (2994).jpg,772,1000
nose,348,215,1 (2995).jpg,640,360
nose,816,594,1 (2996).jpg,2048,1367
nose,277,340,1 (2997).jpg,667,1000
nose,342,491,1 (2998).jpg,736,1035
nose,575,517,1 (2999).jpg,949,720
nose,475,634,1 (3).jpeg,800,1067
nose,286,372,1 (3).jpg,566,800
nose,200,275,1 (3).png,411,608
nose,1370,570,1 (3000).jpg,2000,1000
nose,312,370,1 (3001).jpg,626,937
nose,192,294,1 (3002).jpg,574,800
nose,167,281,1 (3003).jpg,400,600
nose,376,592,1 (3004).jpg,736,1029
nose,558,958,1 (3005).jpg,1200,1806
nose,806,409,1 (3006).jpg,1300,955
nose,720,318,1 (3007).jpg,1300,957
nose,552,785,1 (3008).jpg,1200,1798
nose,70,256,1 (3009).jpg,540,736
nose,216,345,1 (3010).jpg,546,819
nose,308,343,1 (3011).jpg,736,1105
nose,251,357,1 (3012).jpg,480,720
nose,699,752,1 (3013).jpg,1440,2160
nose,551,533,1 (3014).jpg,1140,1425
nose,255,471,1 (3015).jpg,725,1161
nose,400,373,1 (3016).jpg,736,913
nose,317,449,1 (3017).jpg,736,1147
nose,113,313,1 (3018).jpg,477,700
nose,761,417,1 (3019).jpg,1600,900
nose,698,817,1 (3020).jpg,1121,1636
nose,1644,3050,1 (3022).jpg,4032,6048
nose,812,765,1 (3023).jpg,1600,1600
nose,164,651,1 (3024).jpg,957,1300
nose,1221,1104,1 (3025).jpg,2857,1900
nose,528,741,1 (3026).jpg,1127,1645
nose,154,227,1 (3028).jpg,420,630
nose,949,618,1 (3031).jpg,1920,1200
nose,1647,1548,1 (3032).jpg,2792,3489
nose,452,739,1 (3033).jpg,1080,1350
nose,443,845,1 (3034).jpg,951,1300
nose,965,1217,1 (3035).jpg,1944,2592
nose,1160,1555,1 (3036).jpg,2696,3952
nose,177,437,1 (3037).jpg,572,819
nose,272,423,1 (3038).jpg,552,828
nose,170,257,1 (3039).jpg,332,500
nose,270,212,1 (3040).jpg,500,692
nose,2484,2286,1 (3041).jpg,3840,5760
nose,190,290,1 (3042).jpg,366,549
nose,367,566,1 (3043).jpg,736,981
nose,241,364,1 (3044).jpg,460,552
nose,336,506,1 (3045).jpg,750,1055
nose,232,334,1 (3046).jpg,540,791
nose,714,545,1 (3047).jpg,1282,1300
nose,153,173,1 (3048).jpg,306,432
nose,522,616,1 (3049).jpg,900,1200
nose,192,170,1 (3050).jpg,350,466
nose,348,398,1 (3051).jpg,726,903
nose,1427,1852,1 (3052).jpg,2832,4240
nose,338,502,1 (3053).jpg,650,896
nose,436,540,1 (3054).jpg,976,1464
nose,234,307,1 (3055).jpg,626,886
nose,1296,1512,1 (3056).jpg,3484,3160
nose,582,832,1 (3057).JPG,1200,1600
nose,323,453,1 (3058).jpg,661,1024
nose,214,252,1 (3059).jpg,465,700
nose,453,638,1 (3060).jpg,933,1400
nose,355,569,1 (3061).jpg,736,1026
nose,180,173,1 (3062).jpg,323,400
nose,373,500,1 (3063).jpg,740,1110
nose,286,431,1 (3064).jpg,553,768
nose,342,427,1 (3065).jpg,736,919
nose,372,538,1 (3066).jpg,735,943
nose,405,402,1 (3067).jpg,736,1104
nose,235,299,1 (3068).jpg,487,714
nose,385,599,1 (3069).jpg,736,937
nose,336,409,1 (3070).jpg,736,996
nose,277,269,1 (3071).jpg,591,754
nose,254,224,1 (3072).jpg,427,640
nose,149,132,1 (3073).jpg,236,339
nose,444,589,1 (3074).jpg,1280,1024
nose,1311,1435,1 (3075).jpg,2616,3000
nose,207,261,1 (3076).jpg,410,753
nose,105,115,1 (3077).jpg,236,236
nose,475,306,1 (3078).jpg,736,736
nose,412,405,1 (3079).jpg,680,1024
nose,365,451,1 (3080).jpg,700,1050
nose,193,380,1 (3081).jpg,634,891
nose,671,857,1 (3082).jpg,1280,1687
nose,246,425,1 (3084).jpg,599,738
nose,485,530,1 (3085).jpg,1023,932
nose,417,397,1 (3086).jpg,736,1111
nose,255,388,1 (3088).jpg,800,1167
nose,369,526,1 (3088).jpg,800,1167
nose,669,564,1 (3089).jpg,1300,1267
nose,349,424,1 (3090).jpg,719,900
nose,90,266,1 (3091).jpg,342,447
nose,431,498,1 (3092).jpg,955,1300
nose,1010,446,1 (3093).jpg,2120,1414
nose,388,223,1 (3094).jpg,640,427
nose,469,530,1 (3098).jpg,900,900
nose,293,267,1 (31).jpeg,800,582
nose,519,388,1 (31).png,750,1334
nose,577,661,1 (3101).jpg,1200,1800
nose,125,156,1 (3102).jpg,236,358
nose,351,648,1 (3103).jpg,658,1230
nose,526,862,1 (3104).jpg,1400,2108
nose,377,416,1 (3105).jpg,736,919
nose,517,369,1 (3106).jpg,1024,768
nose,995,1058,1 (3107).jpg,1675,2048
nose,607,557,1 (3114).jpg,1080,1350
nose,371,509,1 (3115).jpg,700,972
nose,486,508,1 (3116).jpg,736,1103
nose,660,488,1 (3117).jpg,1300,1328
nose,264,334,1 (3118).jpg,480,724
nose,349,258,1 (3121).jpg,736,490
nose,333,346,1 (3122).jpg,700,1050
nose,807,944,1 (3123).jpg,1334,2048
nose,250,400,1 (3124).jpg,800,1100
nose,370,409,1 (3125).jpg,736,736
nose,305,328,1 (3128).jpg,500,1000
nose,424,217,1 (3129).jpg,852,480
nose,360,241,1 (3132).jpg,683,1024
nose,1029,1747,1 (3135).jpg,2000,3000
nose,2022,1475,1 (3138).jpg,3872,2592
nose,232,250,1 (3139).jpg,500,754
nose,215,300,1 (3141).jpg,460,671
nose,262,204,1 (3146).jpg,427,640
nose,176,397,1 (3151).jpg,600,798
nose,293,495,1 (3154).jpg,700,1050
nose,210,197,1 (3155).jpg,313,450
nose,557,898,1 (3156).jpg,1067,1600
nose,2564,1448,1 (3160).jpg,5254,3407
nose,154,271,1 (3161).jpg,344,502
nose,327,406,1 (3166).jpg,640,640
nose,432,506,1 (3170).jpg,736,1105
nose,125,182,1 (3171).jpg,240,350
nose,667,459,1 (3174).jpg,860,1063
nose,607,252,1 (3185).jpg,852,480
nose,617,827,1 (3187).jpg,1280,1801
nose,1249,1225,1 (3188).jpg,1900,2850
nose,548,728,1 (3189).jpg,1024,1538
nose,1251,2021,1 (3190).jpg,2549,3824
nose,298,469,1 (3194).jpg,600,900
nose,365,390,1 (3197).jpg,720,900
nose,333,495,1 (32).jpg,650,850
nose,626,774,1 (3200).JPG,1216,1600
nose,688,987,1 (3202).jpg,1365,2048
nose,115,144,1 (3203).jpg,690,460
nose,160,182,1 (3210).jpg,350,358
nose,371,475,1 (3211).jpg,736,1104
nose,430,524,1 (3213).jpg,864,960
nose,245,334,1 (3214).jpg,441,680
nose,707,726,1 (3217).jpg,1080,1496
nose,180,166,1 (3218).jpg,282,320
nose,398,314,1 (3219).jpg,700,809
nose,409,391,1 (3222).jpg,735,909
nose,159,297,1 (3223).jpg,450,604
nose,286,210,1 (3225).jpg,525,394
nose,324,307,1 (3227).jpg,640,640
nose,225,359,1 (3228).jpg,552,900
nose,241,320,1 (3229).jpg,467,700
nose,348,363,1 (3230).jpg,736,919
nose,426,540,1 (3231).jpg,853,1024
nose,185,265,1 (3232).jpg,370,497
nose,77,139,1 (3233).jpg,236,354
nose,238,393,1 (3236).jpg,479,720
nose,511,676,1 (3237).jpg,985,1435
nose,273,491,1 (3238).jpg,730,1120
nose,1361,2116,1 (3239).jpg,2700,4057
nose,185,312,1 (3243).jpg,400,600
nose,756,766,1 (3244).jpg,2048,1363
nose,393,354,1 (3245).jpg,1200,800
nose,1396,2159,1 (3247).jpg,2700,4057
nose,525,617,1 (3248).jpg,1132,1294
nose,628,358,1 (3249).jpg,1280,720
nose,1400,1550,1 (3251).jpg,2734,4179
nose,293,465,1 (3284).jpg,600,900
nose,196,297,1 (33).jpg,400,533
nose,374,536,1 (3311).jpg,736,1027
nose,331,492,1 (3314).jpg,620,775
nose,192,247,1 (3315).jpg,600,600
nose,371,681,1 (3316).jpg,736,1104
nose,285,334,1 (3317).jpg,600,900
nose,129,221,1 (3318).jpg,280,420
nose,319,419,1 (3322).jpg,736,919
nose,363,442,1 (3323).jpg,750,930
nose,338,415,1 (3324).jpg,700,700
nose,464,606,1 (3326).jpg,930,1280
nose,310,353,1 (3327).jpg,640,632
nose,403,478,1 (3328).jpg,1065,1300
nose,377,575,1 (3341).jpg,736,1105
nose,356,527,1 (3342).jpg,766,1000
nose,428,437,1 (3344).jpg,746,900
nose,390,371,1 (3346).jpg,708,1024
nose,383,403,1 (3347).jpg,822,1024
nose,248,459,1 (3348).jpg,736,981
nose,343,493,1 (5191).jpg,675,900
nose,186,365,1 (5192).jpg,600,600
nose,360,380,1 (5193).jpg,600,600
nose,271,400,1 (5194).jpg,600,600
nose,235,356,1 (5195).jpg,600,600
nose,307,364,1 (5196).jpg,600,600
nose,277,318,1 (5197).jpg,600,600
nose,289,393,1 (5198).jpg,600,600
nose,310,385,1 (5199).jpg,600,600
nose,290,283,1 (5200).jpg,600,600
nose,285,412,1 (5201).jpg,600,600
nose,266,426,1 (5202).jpg,600,600
nose,296,402,1 (5203).jpg,600,600
nose,317,397,1 (5204).jpg,600,600
nose,288,403,1 (5206).jpg,600,600
nose,303,339,1 (5207).jpg,600,600
nose,375,419,1 (5208).jpg,600,600
nose,246,338,1 (5209).jpg,600,600
nose,239,356,1 (5210).jpg,600,600
nose,302,387,1 (5211).jpg,600,600
nose,291,377,1 (5212).jpg,600,600
nose,318,386,1 (5213).jpg,600,600
nose,312,391,1 (5220).jpg,600,600
nose,288,390,1 (5221).jpg,600,600
nose,282,427,1 (5222).jpg,600,600
nose,284,365,1 (5223).jpg,600,600
nose,292,411,1 (5224).jpg,600,600
nose,301,400,1 (5228).jpg,600,600
nose,280,393,1 (5229).jpg,600,600
nose,271,405,1 (5230).jpg,600,600
nose,288,388,1 (5231).jpg,600,600
nose,411,370,1 (5232).jpg,600,600
nose,324,319,1 (5233).jpg,600,600
nose,363,341,1 (5235).jpg,600,600
nose,305,370,1 (5236).jpg,600,600
nose,299,340,1 (5239).jpg,600,600
nose,294,393,1 (5240).jpg,600,600
nose,292,383,1 (5242).jpg,600,600
nose,246,372,1 (5244).jpg,600,600
nose,288,426,1 (5245).jpg,600,600
nose,290,312,1 (5248).jpg,600,600
nose,282,314,1 (5250).jpg,600,600
nose,304,323,1 (5251).jpg,600,600
nose,284,420,1 (5252).jpg,600,600
nose,285,381,1 (5259).jpg,600,600
nose,288,403,1 (5260).jpg,600,600
nose,273,434,1 (5262).jpg,600,600
nose,319,374,1 (5263).jpg,600,600
nose,255,354,1 (5264).jpg,600,600
nose,337,360,1 (5266).jpg,600,600
nose,293,354,1 (5267).jpg,600,600
nose,293,338,1 (5268).jpg,600,600
nose,328,384,1 (5269).jpg,600,600
nose,270,356,1 (5276).jpg,600,600
nose,370,408,1 (5295).jpg,600,600
nose,194,275,1 (53).png,411,608
nose,284,362,1 (5300).jpg,600,600
nose,297,357,1 (5304).jpg,600,600
nose,301,371,1 (5305).jpg,600,600
nose,284,288,1 (5311).jpg,600,600
nose,296,362,1 (5314).jpg,600,600
nose,297,317,1 (5315).jpg,600,600
nose,302,332,1 (5316).jpg,600,600
nose,335,318,1 (5318).jpg,600,600
nose,324,424,1 (5319).jpg,600,600
nose,305,412,1 (5320).jpg,600,600
nose,297,393,1 (5321).jpg,600,600
nose,261,354,1 (5323).jpg,600,600
nose,280,358,1 (5326).jpg,600,600
nose,308,380,1 (5327).jpg,600,600
nose,347,437,1 (5328).jpg,600,600
nose,363,388,1 (5329).jpg,600,600
nose,238,424,1 (5330).jpg,600,600
nose,265,328,1 (5331).jpg,600,600
nose,316,375,1 (5332).jpg,600,600
nose,230,347,1 (5356).jpg,600,600
nose,296,417,1 (5361).jpg,600,600
nose,304,358,1 (5362).jpg,600,600
nose,298,383,1 (5363).jpg,600,600
nose,237,308,1 (5364).jpg,600,600
nose,324,340,1 (5365).jpg,600,600
nose,345,391,1 (5366).jpg,600,600
nose,290,358,1 (5368).jpg,600,600
nose,270,386,1 (5371).jpg,600,600
nose,260,420,1 (5376).jpg,600,600
nose,313,403,1 (5388).jpg,600,600
nose,301,297,1 (5394).jpg,600,600
nose,312,295,1 (5395).jpg,600,600
nose,445,371,1 (5397).jpg,600,600
nose,287,377,1 (5398).jpg,600,600
nose,270,400,1 (5400).jpg,600,600
nose,292,373,1 (5401).jpg,600,600
nose,229,371,1 (5405).jpg,600,600
nose,305,394,1 (5406).jpg,600,600
nose,317,282,1 (5407).jpg,600,600
nose,280,367,1 (5419).jpg,600,600
nose,284,412,1 (5425).jpg,600,600
nose,296,368,1 (5429).jpg,600,600
nose,299,414,1 (5430).jpg,600,600
nose,323,398,1 (5436).jpg,600,600
nose,314,374,1 (5437).jpg,600,600
nose,271,374,1 (5447).jpg,600,600
nose,278,418,1 (5448).jpg,600,600
nose,249,400,1 (5451).jpg,600,600
nose,271,380,1 (5452).jpg,600,600
nose,246,405,1 (5453).jpg,600,600
nose,280,355,1 (5454).jpg,600,600
nose,292,341,1 (5458).jpg,600,600
nose,305,395,1 (5459).jpg,600,600
nose,256,368,1 (5469).jpg,600,600
nose,293,372,1 (5470).jpg,600,600
nose,242,400,1 (5472).jpg,600,600
nose,204,390,1 (5473).jpg,600,600
nose,328,358,1 (5474).jpg,600,600
nose,278,411,1 (5475).jpg,600,600
nose,307,368,1 (5476).jpg,600,600
nose,190,284,1 (5478).jpg,600,600
nose,262,350,1 (5478).jpg,600,600
nose,273,373,1 (5479).jpg,600,600
nose,409,316,1 (5480).jpg,600,600
nose,348,371,1 (5481).jpg,600,600
nose,293,332,1 (5482).jpg,600,600
nose,287,321,1 (5483).jpg,600,600
nose,229,341,1 (5484).jpg,600,600
nose,321,356,1 (5486).jpg,600,600
nose,281,374,1 (5487).jpg,600,600
nose,276,399,1 (5490).jpg,600,600
nose,309,348,1 (5491).jpg,600,600
nose,317,384,1 (5492).jpg,600,600
nose,397,376,1 (5493).jpg,600,600
nose,321,329,1 (5499).jpg,600,600
nose,565,518,1 (55).jpg,730,1102
nose,444,334,1 (5505).jpg,600,600
nose,313,308,1 (5507).jpg,600,600
nose,421,305,1 (5509).jpg,600,600
nose,361,322,1 (5510).jpg,600,600
nose,420,321,1 (5511).jpg,600,600
nose,234,394,1 (5514).jpg,600,600
nose,418,365,1 (5515).jpg,600,600
nose,285,386,1 (5517).jpg,600,600
nose,276,391,1 (5518).jpg,600,600
nose,275,403,1 (5519).jpg,600,600
nose,303,379,1 (5523).jpg,600,600
nose,403,386,1 (5525).jpg,600,600
nose,282,354,1 (5530).jpg,600,600
nose,319,358,1 (5531).jpg,600,600
nose,284,336,1 (5532).jpg,600,600
nose,296,387,1 (5541).jpg,600,600
nose,312,355,1 (5544).jpg,600,600
nose,309,329,1 (5545).jpg,600,600
nose,329,333,1 (5546).jpg,600,600
nose,330,374,1 (5547).jpg,600,600
nose,301,320,1 (5550).jpg,600,600
nose,317,362,1 (5552).jpg,600,600
nose,319,328,1 (5554).jpg,600,600
nose,254,403,1 (5555).jpg,600,600
nose,278,375,1 (5558).jpg,600,600
nose,296,392,1 (5559).jpg,600,600
nose,269,391,1 (5561).jpg,600,600
nose,284,362,1 (5566).jpg,600,600
nose,292,296,1 (5572).jpg,600,600
nose,296,312,1 (5583).jpg,600,600
nose,307,329,1 (5584).jpg,600,600
nose,383,372,1 (5591).jpg,600,600
nose,294,374,1 (5593).jpg,600,600
nose,313,362,1 (5594).jpg,600,600
nose,288,337,1 (5596).jpg,600,600
nose,250,380,1 (5602).jpg,600,600
nose,296,370,1 (5603).jpg,600,600
nose,292,387,1 (5612).jpg,600,600
nose,341,426,1 (5615).jpg,600,600
nose,281,385,1 (5623).jpg,600,600
nose,307,291,1 (5632).jpg,600,600
nose,305,380,1 (5636).jpg,600,600
nose,293,341,1 (5637).jpg,600,600
nose,290,364,1 (5638).jpg,600,600
nose,284,423,1 (5641).jpg,600,600
nose,301,358,1 (5642).jpg,600,600
nose,282,369,1 (5643).jpg,600,600
nose,286,350,1 (5645).jpg,600,600
nose,315,369,1 (5646).jpg,600,600
nose,309,356,1 (5648).jpg,600,600
nose,295,384,1 (5649).jpg,600,600
nose,289,359,1 (5651).jpg,600,600
nose,288,358,1 (5658).jpg,600,600
nose,305,364,1 (5659).jpg,600,600
nose,296,368,1 (5667).jpg,600,600
nose,317,374,1 (5670).jpg,600,600
nose,301,380,1 (5673).jpg,600,600
nose,302,438,1 (5682).jpg,600,600
nose,277,414,1 (5683).jpg,600,600
nose,302,415,1 (5684).jpg,600,600
nose,291,407,1 (5693).jpg,600,600
nose,305,397,1 (5698).jpg,600,600
nose,276,317,1 (5699).jpg,600,600
nose,292,369,1 (5705).jpg,600,600
nose,304,383,1 (5706).jpg,600,600
nose,292,330,1 (5710).jpg,600,600
nose,289,344,1 (5719).jpg,600,600
nose,305,388,1 (5720).jpg,600,600
nose,298,282,1 (5721).jpg,600,600
nose,377,412,1 (5733).jpg,600,600
nose,286,388,1 (5735).jpg,600,600
nose,296,347,1 (5737).jpg,600,600
nose,301,357,1 (5740).jpg,600,600
nose,337,434,1 (5741).jpg,600,600
nose,235,367,1 (5742).jpg,600,600
nose,315,388,1 (5743).jpg,600,600
nose,293,366,1 (5748).jpg,600,600
nose,289,359,1 (5750).jpg,600,600
nose,259,349,1 (5754).jpg,600,600
nose,258,421,1 (5755).jpg,600,600
nose,313,335,1 (5758).jpg,600,600
nose,255,344,1 (5759).jpg,600,600
nose,392,371,1 (5762).jpg,600,600
nose,319,364,1 (5766).jpg,600,600
nose,263,366,1 (5767).jpg,600,600
nose,280,383,1 (5771).jpg,600,600
nose,332,406,1 (5772).jpg,600,600
nose,330,305,1 (5773).jpg,600,600
nose,335,338,1 (5774).jpg,600,600
nose,298,358,1 (5791).jpg,600,600
nose,380,344,1 (5792).jpg,600,600
nose,309,392,1 (5794).jpg,600,600
nose,288,375,1 (5795).jpg,600,600
nose,202,379,1 (5799).jpg,600,600
nose,287,340,1 (5800).jpg,600,600
nose,296,409,1 (5802).jpg,600,600
nose,304,370,1 (5803).jpg,600,600
nose,220,385,1 (5804).jpg,600,600
nose,321,379,1 (5806).jpg,600,600
nose,250,391,1 (5807).jpg,600,600
nose,289,369,1 (5808).jpg,600,600
nose,240,318,1 (5809).jpg,600,600
nose,258,387,1 (5812).jpg,600,600
nose,299,411,1 (5813).jpg,600,600
nose,340,362,1 (5815).jpg,600,600
nose,292,344,1 (5818).jpg,600,600
nose,263,304,1 (5821).jpg,600,600
nose,296,384,1 (5822).jpg,600,600
nose,289,390,1 (5823).jpg,600,600
nose,316,373,1 (5824).jpg,600,600
nose,309,385,1 (5826).jpg,600,600
nose,284,405,1 (5828).jpg,600,600
nose,283,374,1 (5830).jpg,600,600
nose,227,327,1 (5832).jpg,600,600
nose,204,405,1 (5837).jpg,600,600
nose,281,348,1 (5838).jpg,600,600
nose,304,383,1 (5839).jpg,600,600
nose,356,363,1 (5840).jpg,600,600
nose,283,384,1 (5841).jpg,600,600
nose,306,387,1 (5843).jpg,600,600
nose,357,357,1 (5844).jpg,600,600
nose,184,316,1 (5845).jpg,600,600
nose,251,372,1 (5845).jpg,600,600
nose,311,384,1 (5846).jpg,600,600
nose,357,403,1 (5847).jpg,600,600
nose,261,396,1 (5848).jpg,600,600
nose,313,339,1 (5849).jpg,600,600
nose,251,399,1 (5850).jpg,600,600
nose,224,361,1 (5851).jpg,600,600
nose,276,363,1 (5852).jpg,600,600
nose,267,354,1 (5853).jpg,600,600
nose,215,279,1 (5862).jpg,600,600
nose,263,380,1 (5863).jpg,600,600
nose,208,348,1 (5864).jpg,600,600
nose,346,395,1 (5865).jpg,600,600
nose,253,396,1 (5866).jpg,600,600
nose,273,389,1 (5869).jpg,600,600
nose,331,424,1 (5871).jpg,600,600
nose,267,403,1 (5872).jpg,600,600
nose,304,395,1 (5873).jpg,600,600
nose,394,364,1 (5876).jpg,600,600
nose,227,362,1 (5877).jpg,600,600
nose,350,405,1 (5878).jpg,600,600
nose,324,366,1 (5879).jpg,600,600
nose,306,406,1 (5880).jpg,600,600
nose,230,362,1 (5881).jpg,600,600
nose,330,393,1 (5882).jpg,600,600
nose,296,399,1 (5886).jpg,600,600
nose,257,392,1 (5888).jpg,600,600
nose,289,387,1 (5889).jpg,600,600
nose,230,338,1 (5891).jpg,600,600
nose,298,387,1 (5893).jpg,600,600
nose,341,387,1 (5894).jpg,600,600
nose,311,313,1 (5895).jpg,600,600
nose,309,369,1 (5896).jpg,600,600
nose,281,424,1 (5904).jpg,600,600
nose,223,366,1 (5909).jpg,600,600
nose,310,383,1 (5910).jpg,600,600
nose,398,370,1 (5911).jpg,600,600
nose,293,375,1 (5912).jpg,600,600
nose,302,329,1 (5916).jpg,600,600
nose,398,379,1 (5918).jpg,600,600
nose,477,283,1 (5919).jpg,600,600
nose,281,369,1 (5923).jpg,600,600
nose,297,355,1 (5925).jpg,600,600
nose,308,384,1 (5926).jpg,600,600
nose,307,364,1 (5927).jpg,600,600
nose,184,347,1 (5928).jpg,600,600
nose,337,391,1 (5930).jpg,600,600
nose,306,351,1 (5931).jpg,600,600
nose,263,287,1 (5932).jpg,600,600
nose,263,325,1 (5937).jpg,600,600
nose,282,318,1 (5938).jpg,600,600
nose,343,385,1 (5939).jpg,600,600
nose,192,391,1 (5941).jpg,600,600
nose,337,383,1 (5942).jpg,600,600
nose,308,320,1 (5943).jpg,600,600
nose,273,325,1 (5944).jpg,600,600
nose,308,395,1 (5945).jpg,600,600
nose,384,388,1 (5946).jpg,600,600
nose,302,365,1 (5947).jpg,600,600
nose,308,384,1 (5948).jpg,600,600
nose,439,341,1 (5949).jpg,600,600
nose,213,363,1 (5950).jpg,600,600
nose,280,316,1 (5951).jpg,600,600
nose,396,381,1 (5952).jpg,600,600
nose,366,355,1 (5955).jpg,600,600
nose,261,395,1 (5956).jpg,600,600
nose,327,357,1 (5957).jpg,600,600
nose,308,354,1 (5958).jpg,600,600
nose,279,380,1 (5959).jpg,600,600
nose,398,345,1 (5960).jpg,600,600
nose,218,370,1 (5961).jpg,600,600
nose,342,367,1 (5963).jpg,600,600
nose,361,383,1 (5964).jpg,600,600
nose,431,304,1 (5965).jpg,600,600
nose,471,314,1 (5966).jpg,600,600
nose,186,277,1 (5967).jpg,600,600
nose,313,266,1 (5970).jpg,600,600
nose,302,283,1 (5971).jpg,600,600
nose,327,391,1 (5972).jpg,600,600
nose,185,362,1 (5974).jpg,600,600
nose,310,316,1 (5977).jpg,600,600
nose,251,384,1 (5978).jpg,600,600
nose,284,377,1 (5979).jpg,600,600
nose,280,368,1 (5981).jpg,600,600
nose,264,266,1 (5982).jpg,600,600
nose,292,287,1 (5986).jpg,600,600
nose,397,297,1 (5987).jpg,600,600
nose,286,320,1 (5988).jpg,600,600
nose,370,368,1 (5990).jpg,600,600
nose,314,338,1 (5992).jpg,600,600
nose,288,426,1 (5993).jpg,600,600
nose,284,346,1 (5994).jpg,600,600
nose,268,321,1 (5995).jpg,600,600
nose,246,379,1 (5996).jpg,600,600
nose,281,397,1 (5997).jpg,600,600
nose,345,379,1 (5998).jpg,600,600
nose,288,402,1 (5999).jpg,600,600
nose,195,247,1 (6).png,350,500
nose,328,348,1 (6000).jpg,600,600
nose,271,356,1 (6001).jpg,600,600
nose,335,400,1 (6003).jpg,600,600
nose,285,338,1 (6004).jpg,600,600
nose,272,367,1 (6005).jpg,600,600
nose,305,364,1 (6006).jpg,600,600
nose,263,321,1 (6007).jpg,600,600
nose,318,375,1 (6008).jpg,600,600
nose,363,324,1 (6009).jpg,600,600
nose,246,333,1 (6010).jpg,600,600
nose,290,319,1 (6011).jpg,600,600
nose,309,343,1 (6012).jpg,600,600
nose,406,398,1 (6013).jpg,600,600
nose,343,400,1 (6014).jpg,600,600
nose,279,282,1 (6015).jpg,600,600
nose,338,341,1 (6016).jpg,600,600
nose,270,370,1 (6017).jpg,600,600
nose,296,392,1 (6018).jpg,600,600
nose,301,371,1 (6019).jpg,600,600
nose,270,341,1 (6020).jpg,600,600
nose,184,361,1 (6021).jpg,600,600
nose,225,334,1 (6024).jpg,600,600
nose,302,350,1 (6025).jpg,600,600
nose,329,370,1 (6026).jpg,600,600
nose,342,392,1 (6027).jpg,600,600
nose,309,358,1 (6030).jpg,600,600
nose,294,353,1 (6031).jpg,600,600
nose,316,357,1 (6033).jpg,600,600
nose,238,308,1 (6039).jpg,600,600
nose,210,345,1 (6059).jpg,600,600
nose,250,364,1 (6062).jpg,600,600
nose,411,339,1 (6065).jpg,600,600
nose,358,338,1 (6069).jpg,600,600
nose,289,391,1 (6070).jpg,600,600
nose,455,303,1 (6075).jpg,600,600
nose,308,363,1 (6076).jpg,600,600
nose,304,383,1 (6078).jpg,600,600
nose,403,403,1 (6079).jpg,600,600
nose,296,337,1 (6081).jpg,600,600
nose,188,330,1 (6087).jpg,600,600
nose,272,288,1 (6088).jpg,600,600
nose,302,420,1 (6090).jpg,600,600
nose,247,382,1 (6091).jpg,600,600
nose,307,421,1 (6092).jpg,600,600
nose,336,391,1 (6093).jpg,600,600
nose,288,382,1 (6095).jpg,600,600
nose,384,351,1 (6101).jpg,600,600
nose,197,398,1 (6102).jpg,600,600
nose,254,349,1 (6103).jpg,600,600
nose,255,360,1 (6104).jpg,600,600
nose,347,294,1 (6110).jpg,600,600
nose,301,322,1 (6111).jpg,600,600
nose,295,348,1 (6112).jpg,600,600
nose,296,291,1 (6113).jpg,600,600
nose,262,312,1 (6114).jpg,600,600
nose,270,406,1 (6115).jpg,600,600
nose,251,383,1 (6116).jpg,600,600
nose,321,345,1 (6118).jpg,600,600
nose,296,401,1 (6119).jpg,600,600
nose,225,323,1 (6120).jpg,600,600
nose,382,348,1 (6121).jpg,600,600
nose,226,342,1 (6122).jpg,600,600
nose,292,343,1 (6123).jpg,600,600
nose,293,390,1 (6126).jpg,600,600
nose,349,331,1 (6127).jpg,600,600
nose,322,272,1 (6128).jpg,600,600
nose,454,235,1 (6129).jpg,600,600
nose,277,370,1 (6131).jpg,600,600
nose,287,298,1 (6134).jpg,600,600
nose,240,335,1 (6135).jpg,600,600
nose,383,331,1 (6135).jpg,600,600
nose,312,399,1 (6135).jpg,600,600
nose,305,356,1 (6137).jpg,600,600
nose,307,407,1 (6140).jpg,600,600
nose,238,370,1 (6141).jpg,600,600
nose,280,340,1 (6142).jpg,600,600
nose,289,348,1 (6143).jpg,600,600
nose,301,332,1 (6144).jpg,600,600
nose,329,380,1 (6145).jpg,600,600
nose,284,348,1 (6146).jpg,600,600
nose,298,336,1 (6147).jpg,600,600
nose,164,368,1 (6150).jpg,600,600
nose,288,342,1 (6159).jpg,600,600
nose,297,397,1 (6164).jpg,600,600
nose,311,349,1 (6169).jpg,600,600
nose,284,343,1 (6170).jpg,600,600
nose,313,375,1 (6172).jpg,600,600
nose,296,374,1 (6174).jpg,600,600
nose,238,395,1 (6199).jpg,600,600
nose,423,361,1 (6264).jpg,600,600
nose,305,388,1 (6265).jpg,600,600
nose,265,355,1 (6266).jpg,600,600
nose,304,415,1 (6267).jpg,600,600
nose,371,379,1 (6268).jpg,600,600
nose,267,293,1 (6271).jpg,600,600
nose,398,382,1 (6272).jpg,600,600
nose,364,411,1 (6273).jpg,600,600
nose,237,401,1 (6276).jpg,600,600
nose,259,370,1 (6277).jpg,600,600
nose,295,356,1 (6278).jpg,600,600
nose,333,382,1 (6279).jpg,600,600
nose,225,367,1 (6280).jpg,600,600
nose,353,287,1 (6281).jpg,600,600
nose,347,397,1 (6283).jpg,600,600
nose,225,320,1 (6284).jpg,600,600
nose,126,354,1 (6285).jpg,600,600
nose,270,364,1 (6286).jpg,600,600
nose,312,391,1 (6287).jpg,600,600
nose,288,399,1 (6288).jpg,600,600
nose,266,386,1 (6289).jpg,600,600
nose,341,357,1 (6290).jpg,600,600
nose,311,333,1 (6292).jpg,600,600
nose,258,330,1 (6293).jpg,600,600
nose,151,335,1 (6294).jpg,600,600
nose,214,374,1 (6295).jpg,600,600
nose,307,362,1 (6297).jpg,600,600
nose,215,414,1 (6298).jpg,600,600
nose,367,324,1 (6299).jpg,600,600
nose,321,322,1 (6300).jpg,600,600
nose,297,344,1 (6301).jpg,600,600
nose,332,369,1 (6302).jpg,600,600
nose,325,339,1 (6304).jpg,600,600
nose,320,317,1 (6305).jpg,600,600
nose,280,351,1 (6306).jpg,600,600
nose,267,308,1 (6309).jpg,600,600
nose,301,297,1 (6310).jpg,600,600
nose,298,331,1 (6311).jpg,600,600
nose,297,389,1 (6314).jpg,600,600
nose,203,365,1 (6315).jpg,600,600
nose,217,361,1 (6316).jpg,600,600
nose,254,335,1 (6317).jpg,600,600
nose,299,303,1 (6318).jpg,600,600
nose,173,301,1 (6319).jpg,600,600
nose,341,279,1 (6320).jpg,600,600
nose,292,382,1 (6321).jpg,600,600
nose,312,334,1 (6322).jpg,600,600
nose,212,393,1 (6323).jpg,600,600
nose,275,374,1 (6325).jpg,600,600
nose,245,391,1 (6326).jpg,600,600
nose,315,336,1 (6327).jpg,600,600
nose,317,346,1 (6328).jpg,600,600
nose,210,301,1 (6329).jpg,600,600
nose,163,356,1 (6330).jpg,600,600
nose,302,366,1 (6331).jpg,600,600
nose,323,335,1 (6332).jpg,600,600
nose,308,331,1 (6333).jpg,600,600
nose,316,369,1 (6336).jpg,600,600
nose,302,266,1 (6338).jpg,600,600
nose,236,299,1 (6340).jpg,600,600
nose,320,369,1 (6340).jpg,600,600
nose,205,277,1 (6343).jpg,600,600
nose,212,345,1 (6345).jpg,600,600
nose,332,332,1 (6350).jpg,600,600
nose,293,308,1 (6351).jpg,600,600
nose,269,318,1 (6354).jpg,600,600
nose,286,349,1 (6356).jpg,600,600
nose,305,375,1 (6358).jpg,600,600
nose,285,399,1 (6359).jpg,600,600
nose,309,379,1 (6360).jpg,600,600
nose,141,324,1 (6362).jpg,600,600
nose,292,412,1 (6369).jpg,600,600
nose,280,432,1 (6372).jpg,600,600
nose,298,374,1 (6377).jpg,600,600
nose,288,364,1 (6382).jpg,600,600
nose,260,370,1 (6388).jpg,600,600
nose,292,318,1 (6389).jpg,600,600
nose,287,426,1 (6390).jpg,600,600
nose,295,349,1 (6391).jpg,600,600
nose,262,295,1 (6392).jpg,600,600
nose,306,312,1 (6393).jpg,600,600
nose,400,379,1 (6394).jpg,600,600
nose,308,408,1 (6400).jpg,600,600
nose,229,375,1 (6401).jpg,600,600
nose,338,322,1 (6402).jpg,600,600
nose,185,341,1 (6403).jpg,600,600
nose,276,344,1 (6410).jpg,600,600
nose,249,349,1 (6414).jpg,600,600
nose,278,283,1 (6415).jpg,600,600
nose,357,286,1 (6416).jpg,600,600
nose,281,357,1 (6417).jpg,600,600
nose,308,328,1 (6418).jpg,600,600
nose,305,341,1 (6427).jpg,600,600
nose,220,348,1 (6428).jpg,600,600
nose,281,343,1 (6429).jpg,600,600
nose,295,383,1 (6433).jpg,600,600
nose,273,403,1 (6434).jpg,600,600
nose,277,309,1 (6435).jpg,600,600
nose,458,329,1 (6440).jpg,600,600
nose,303,408,1 (6444).jpg,600,600
nose,321,386,1 (6445).jpg,600,600
nose,339,393,1 (6450).jpg,600,600
nose,211,364,1 (6453).jpg,600,600
nose,361,385,1 (6453).jpg,600,600
nose,267,453,1 (6453).jpg,600,600
nose,285,361,1 (6455).jpg,600,600
nose,282,384,1 (6456).jpg,600,600
nose,292,418,1 (6459).jpg,600,600
nose,304,399,1 (6464).jpg,600,600
nose,302,336,1 (6465).jpg,600,600
nose,273,394,1 (6466).jpg,600,600
nose,293,415,1 (6468).jpg,600,600
nose,315,416,1 (6469).jpg,600,600
nose,428,343,1 (6470).jpg,600,600
nose,225,358,1 (6471).jpg,600,600
nose,315,374,1 (6472).jpg,600,600
nose,181,366,1 (6473).jpg,600,600
nose,267,396,1 (6474).jpg,600,600
nose,293,345,1 (6475).jpg,600,600
nose,398,343,1 (6476).jpg,600,600
nose,324,377,1 (6477).jpg,600,600
nose,318,325,1 (6478).jpg,600,600
nose,241,391,1 (6479).jpg,600,600
nose,305,428,1 (6479).jpg,600,600
nose,210,333,1 (6480).jpg,600,600
nose,301,340,1 (6481).jpg,600,600
nose,348,415,1 (6482).jpg,600,600
nose,288,353,1 (6483).jpg,600,600
nose,294,412,1 (6484).jpg,600,600
nose,306,335,1 (6485).jpg,600,600
nose,185,313,1 (6486).jpg,600,600
nose,344,333,1 (6488).jpg,600,600
nose,273,339,1 (6489).jpg,600,600
nose,306,339,1 (6490).jpg,600,600
nose,301,332,1 (6491).jpg,600,600
nose,359,399,1 (6492).jpg,600,600
nose,287,345,1 (6493).jpg,600,600
nose,317,349,1 (6496).jpg,600,600
nose,280,341,1 (6497).jpg,600,600
nose,307,316,1 (6503).jpg,600,600
nose,330,359,1 (6504).jpg,600,600
nose,305,337,1 (6507).jpg,600,600
nose,286,391,1 (6508).jpg,600,600
nose,242,399,1 (6512).jpg,600,600
nose,292,395,1 (6516).jpg,600,600
nose,275,387,1 (6518).jpg,600,600
nose,282,371,1 (6525).jpg,600,600
nose,324,415,1 (6531).jpg,600,600
nose,293,364,1 (6534).jpg,600,600
nose,393,310,1 (6543).jpg,600,600
nose,293,355,1 (6550).jpg,600,600
nose,296,311,1 (6553).jpg,600,600
nose,303,406,1 (6554).jpg,600,600
nose,296,370,1 (6555).jpg,600,600
nose,307,335,1 (6558).jpg,600,600
nose,246,423,1 (6560).jpg,600,600
nose,318,396,1 (6562).jpg,600,600
nose,293,304,1 (6564).jpg,600,600
nose,275,319,1 (6567).jpg,600,600
nose,221,408,1 (6572).jpg,600,600
nose,386,360,1 (6574).jpg,600,600
nose,391,399,1 (6576).jpg,600,600
nose,305,348,1 (6577).jpg,600,600
nose,297,302,1 (6580).jpg,600,600
nose,280,370,1 (6583).jpg,600,600
nose,202,369,1 (6584).jpg,600,600
nose,313,371,1 (6590).jpg,600,600
nose,238,356,1 (6591).jpg,600,600
nose,334,416,1 (6592).jpg,600,600
nose,286,316,1 (6594).jpg,600,600
nose,380,308,1 (6595).jpg,600,600
nose,304,348,1 (6597).jpg,600,600
nose,322,315,1 (6598).jpg,600,600
nose,309,387,1 (6599).jpg,600,600
nose,251,317,1 (6602).jpg,600,600
nose,296,376,1 (6604).jpg,600,600
nose,160,368,1 (6605).jpg,600,600
nose,278,380,1 (6611).jpg,600,600
nose,247,363,1 (6612).jpg,600,600
nose,313,311,1 (6613).jpg,600,600
nose,299,403,1 (6614).jpg,600,600
nose,226,242,1 (6615).jpg,600,600
nose,321,387,1 (6616).jpg,600,600
nose,217,424,1 (6620).jpg,600,600
nose,321,386,1 (6622).jpg,600,600
nose,359,314,1 (6623).jpg,600,600
nose,290,410,1 (6629).jpg,600,600
nose,189,307,1 (6631).jpg,600,600
nose,297,355,1 (6632).jpg,600,600
nose,267,418,1 (6633).jpg,600,600
nose,339,297,1 (6634).jpg,600,600
nose,242,362,1 (6636).jpg,600,600
nose,297,316,1 (6638).jpg,600,600
nose,292,395,1 (6639).jpg,600,600
nose,308,370,1 (6642).jpg,600,600
nose,346,331,1 (6643).jpg,600,600
nose,271,363,1 (6644).jpg,600,600
nose,262,354,1 (6645).jpg,600,600
nose,279,385,1 (6652).jpg,600,600
nose,294,374,1 (6653).jpg,600,600
nose,321,370,1 (6655).jpg,600,600
nose,275,393,1 (6656).jpg,600,600
nose,272,391,1 (6657).jpg,600,600
nose,217,395,1 (6658).jpg,600,600
nose,245,365,1 (6659).jpg,600,600
nose,282,400,1 (6663).jpg,600,600
nose,413,403,1 (6669).jpg,600,600
nose,276,316,1 (6699).jpg,600,600
nose,276,394,1 (6700).jpg,600,600
nose,357,356,1 (6706).jpg,600,600
nose,303,335,1 (6707).jpg,600,600
nose,309,287,1 (6708).jpg,600,600
nose,321,364,1 (6715).jpg,600,600
nose,346,362,1 (6717).jpg,600,600
nose,192,385,1 (6725).jpg,600,600
nose,328,366,1 (6737).jpg,600,600
nose,380,327,1 (6745).jpg,600,600
nose,220,325,1 (6746).jpg,600,600
nose,265,419,1 (6747).jpg,600,600
nose,398,383,1 (6750).jpg,600,600
nose,255,374,1 (6751).jpg,600,600
nose,410,356,1 (6752).jpg,600,600
nose,227,360,1 (6755).jpg,600,600
nose,481,366,1 (6761).jpg,600,600
nose,485,376,1 (6762).jpg,600,600
nose,288,348,1 (6764).jpg,600,600
nose,341,341,1 (6771).jpg,600,600
nose,405,389,1 (6772).jpg,600,600
nose,313,383,1 (6773).jpg,600,600
nose,255,397,1 (6784).jpg,600,600
nose,255,395,1 (6787).jpg,600,600
nose,301,373,1 (6788).jpg,600,600
nose,296,319,1 (6790).jpg,600,600
nose,346,333,1 (6797).jpg,600,600
nose,325,396,1 (6799).jpg,600,600
nose,201,348,1 (6801).jpg,600,600
nose,305,344,1 (6802).jpg,600,600
nose,377,337,1 (6803).jpg,600,600
nose,356,353,1 (6804).jpg,600,600
nose,226,312,1 (6805).jpg,600,600
nose,259,301,1 (6806).jpg,600,600
nose,223,421,1 (6807).jpg,600,600
nose,295,409,1 (6808).jpg,600,600
nose,296,354,1 (6812).jpg,600,600
nose,265,284,1 (6814).jpg,600,600
nose,292,351,1 (6816).jpg,600,600
nose,263,346,1 (6817).jpg,600,600
nose,318,328,1 (6826).jpg,600,600
nose,405,290,1 (6827).jpg,600,600
nose,286,283,1 (6828).jpg,600,600
nose,321,339,1 (6829).jpg,600,600
nose,338,354,1 (6830).jpg,600,600
nose,182,389,1 (6832).jpg,600,600
nose,294,344,1 (6834).jpg,600,600
nose,266,360,1 (6835).jpg,600,600
nose,342,414,1 (6836).jpg,600,600
nose,354,345,1 (6840).jpg,600,600
nose,305,356,1 (6841).jpg,600,600
nose,260,320,1 (6842).jpg,600,600
nose,301,354,1 (6843).jpg,600,600
nose,349,397,1 (6845).jpg,600,600
nose,314,358,1 (6846).jpg,600,600
nose,314,338,1 (6848).jpg,600,600
nose,319,296,1 (6850).jpg,600,600
nose,338,362,1 (6851).jpg,600,600
nose,240,254,1 (6852).jpg,600,600
nose,313,408,1 (6853).jpg,600,600
nose,219,393,1 (6854).jpg,600,600
nose,279,307,1 (6857).jpg,600,600
nose,297,275,1 (6858).jpg,600,600
nose,296,270,1 (6859).jpg,600,600
nose,334,392,1 (6860).jpg,600,600
nose,336,338,1 (6861).jpg,600,600
nose,289,270,1 (6862).jpg,600,600
nose,359,354,1 (6863).jpg,600,600
nose,360,265,1 (6864).jpg,600,600
nose,259,354,1 (6867).jpg,600,600
nose,258,408,1 (6868).jpg,600,600
nose,355,316,1 (6869).jpg,600,600
nose,270,396,1 (6871).jpg,600,600
nose,284,267,1 (6876).jpg,600,600
nose,204,312,1 (6878).jpg,600,600
nose,224,369,1 (6881).jpg,600,600
nose,268,313,1 (6884).jpg,600,600
nose,310,268,1 (6887).jpg,600,600
nose,312,377,1 (6889).jpg,600,600
nose,329,252,1 (6890).jpg,600,600
nose,313,366,1 (6895).jpg,600,600
nose,183,387,1 (6896).jpg,600,600
nose,225,354,1 (6897).jpg,600,600
nose,398,379,1 (6898).jpg,600,600
nose,278,390,1 (6899).jpg,600,600
nose,327,354,1 (6900).jpg,600,600
nose,213,342,1 (6901).jpg,600,600
nose,415,306,1 (6903).jpg,600,600
nose,382,316,1 (6904).jpg,600,600
nose,193,340,1 (6905).jpg,600,600
nose,251,385,1 (6907).jpg,600,600
nose,298,348,1 (6909).jpg,600,600
nose,263,333,1 (6910).jpg,600,600
nose,284,362,1 (6911).jpg,600,600
nose,284,386,1 (6913).jpg,600,600
nose,287,373,1 (6914).jpg,600,600
nose,317,419,1 (6915).jpg,600,600
nose,303,333,1 (6917).jpg,600,600
nose,310,295,1 (6963).jpg,600,600
nose,293,329,1 (6968).jpg,600,600
nose,205,359,1 (6969).jpg,600,600
nose,338,403,1 (6973).jpg,600,600
nose,258,343,1 (6976).jpg,600,600
nose,285,379,1 (6978).jpg,600,600
nose,293,383,1 (6980).jpg,600,600
nose,336,424,1 (6981).jpg,600,600
nose,286,381,1 (6982).jpg,600,600
nose,295,392,1 (6983).jpg,600,600
nose,281,376,1 (6984).jpg,600,600
nose,295,387,1 (6985).jpg,600,600
nose,278,351,1 (6986).jpg,600,600
nose,296,419,1 (6987).jpg,600,600
nose,307,312,1 (6988).jpg,600,600
nose,310,349,1 (6989).jpg,600,600
nose,277,320,1 (6990).jpg,600,600
nose,484,506,1 (7).jpg,768,1024
nose,371,533,1 (75).jpg,736,1106
nose,255,320,1 (76).jpg,500,750
nose,233,412,1 (77).jpg,465,699
nose,333,449,1 (79).jpeg,724,966
nose,670,814,1 (8).jpg,1280,1792
nose,406,622,1 (85).jpg,846,1329
nose,223,198,1 (88).jpg,361,500
nose,200,267,1 (9).png,411,608
nose,292,338,1 (92).jpg,640,640
nose,922,539,1 (92).png,1920,1080
nose,1041,491,1 (93).png,1920,1080
nose,686,736,1 (94).png,1116,1179
nose,1501,2232,1 (95).png,2789,3500
